binID	Ala	Arg	Asn	Asp	Cys	Gln	Glu	Gly	His	Ile	Ile2	Leu	Lys	Met	Phe	Pro	SeC	Ser	Sup	Thr	Trp	Tyr	Val	fMet	total tRNAs	rRNAs
ECO002_001	0	2	1	1	1	1	1	2	1	1	0	3	1	1	1	0	0	1	0	1	0	0	2	0	21	
ECO002_002	0	2	0	0	0	0	2	1	0	0	1	2	0	0	1	1	0	1	0	1	0	0	0	0	12	5S_rRNA
ECO002_011	1	4	0	0	0	0	2	2	0	0	0	3	1	1	0	1	0	2	0	1	1	0	1	0	20	
ECO004_001	1	3	1	1	1	0	1	2	1	1	0	2	1	1	1	1	0	3	0	1	0	1	2	0	25	
ECO004_006	1	3	1	0	1	1	1	2	0	0	1	4	1	0	1	2	0	2	0	2	1	0	0	0	24	
ECO010_004	1	4	0	0	0	1	2	3	0	0	1	3	0	1	0	2	0	2	0	2	1	1	1	0	25	
EMN001_006	3	5	1	2	1	2	2	3	1	1	1	5	2	1	0	3	1	4	0	3	1	1	3	1	47	5S_rRNA
EMN001_007	1	4	0	1	1	1	1	4	1	0	0	5	0	1	1	3	0	3	0	2	0	1	3	1	34	
EMN001_010	3	6	1	1	1	2	1	3	1	0	1	7	1	1	1	3	0	3	0	2	2	0	3	1	44	
EMN001_018	4	4	1	1	1	2	2	4	1	3	0	5	3	1	1	4	0	4	0	3	1	1	3	1	50	
EMN001_019	3	4	1	1	1	2	2	3	1	1	1	5	2	1	1	3	0	4	1	3	1	1	3	1	46	5S_rRNA
EMN001_020	0	4	2	1	1	2	1	3	1	0	0	4	0	1	0	3	2	1	0	2	1	0	1	0	30	
EMN001_021	2	4	1	1	1	2	2	4	1	0	1	6	2	1	1	3	0	4	1	3	1	1	3	1	46	
EMN001_022	0	3	0	1	1	1	2	1	1	0	0	2	2	1	0	0	0	2	0	1	0	0	2	0	20	5S_rRNA
FUM002_003	1	2	0	0	0	1	0	3	0	0	0	2	1	1	0	1	0	4	0	1	0	0	1	0	18	
FUM003_001	3	4	2	0	1	1	0	5	1	0	1	9	2	1	1	3	1	4	0	3	0	1	4	1	48	
FUM003_002	2	7	2	3	0	1	1	3	1	0	1	4	2	3	1	3	1	4	0	4	1	1	3	2	50	
GOY005_001	1	0	0	1	1	1	0	2	0	0	0	4	2	1	1	1	0	0	1	0	0	0	2	0	18	
GOY005_013	0	2	0	0	0	1	0	0	0	0	1	2	0	0	0	1	0	1	0	0	0	0	0	0	8	6S
GOY006_004	3	2	1	1	0	2	2	2	0	1	0	5	1	1	1	2	0	1	0	2	1	1	2	0	31	
JAE006_002	1	3	1	1	0	2	2	2	0	0	1	5	1	1	1	2	0	2	0	2	0	0	2	1	30	
JAE006_003	3	3	1	0	0	2	2	2	1	0	0	3	2	1	0	2	0	3	0	4	1	1	1	0	32	
JAE006_005	3	4	1	0	0	2	4	1	1	2	0	5	3	1	0	3	0	4	0	3	1	1	2	1	42	
JAE006_007	1	3	1	1	1	1	1	2	1	0	0	3	1	1	1	2	0	2	0	1	1	1	2	1	28	
JAE006_008	1	3	3	0	1	1	2	0	0	0	0	2	1	0	0	1	0	2	0	2	0	1	0	0	20	5S_rRNA, 23S-methyl
JAE006_010	2	4	1	1	1	1	2	4	2	0	1	4	2	1	1	3	0	4	0	3	1	1	3	1	43	
JAE006_011	4	4	1	1	1	2	3	4	1	1	1	5	2	1	1	2	0	4	0	5	1	1	3	1	49	5S_rRNA, 5S_rRNA
JAE006_014	2	3	1	1	1	1	1	4	1	0	0	6	1	1	1	3	1	5	0	3	1	1	3	1	42	
JAE006_015	1	4	2	3	1	2	0	5	1	0	1	5	2	1	1	2	1	3	0	2	1	1	3	2	44	6S
JAE006_019	2	4	1	2	0	2	2	3	2	1	1	5	2	1	1	3	0	4	0	2	1	1	3	0	43	
JAE006_020	2	1	1	0	1	1	0	3	1	1	0	4	2	0	0	3	0	3	0	1	1	0	2	0	27	
JAE006_023	2	4	1	1	1	2	4	4	1	2	0	4	3	1	1	3	0	4	0	3	1	1	4	1	48	
JAE006_024	2	4	1	2	0	2	3	3	0	1	1	3	2	1	1	3	0	4	0	3	1	1	2	1	41	
JAE007_001	3	4	1	1	1	2	3	4	1	1	1	5	3	1	1	3	0	4	0	3	1	1	3	1	48	
JAE007_002	0	2	0	1	0	1	2	1	0	1	0	1	1	0	0	0	0	2	0	1	0	1	1	0	15	
JAE007_003	0	3	0	2	2	1	0	0	1	0	1	6	1	2	2	2	0	2	0	1	1	1	2	0	30	
JAE007_005	2	4	1	1	1	1	2	4	2	0	1	4	2	1	1	3	0	4	0	3	1	1	3	1	43	
JAE007_006	1	2	1	1	0	2	1	2	0	0	1	5	1	1	1	2	0	2	0	2	1	0	2	1	29	
JAE007_007	1	4	0	0	1	2	2	4	1	0	0	3	2	1	0	3	0	4	0	5	1	1	3	1	39	
JAE007_009	2	3	1	1	1	1	1	4	1	0	0	6	1	1	1	2	1	5	0	3	1	1	3	1	41	
JAE007_010	0	2	1	1	1	1	0	3	0	0	0	4	0	1	0	1	0	1	0	1	1	0	2	0	20	
JAE007_013	1	4	2	3	1	2	0	4	1	0	1	5	3	1	1	2	1	3	0	1	1	0	3	2	42	6S
JAE007_015	3	3	0	1	1	2	2	3	0	2	0	4	3	1	1	3	0	1	0	2	0	2	2	1	37	
JAE008_003	0	4	1	2	1	2	2	3	1	0	1	3	4	1	1	3	0	3	0	3	1	1	2	1	40	
JAE008_004	2	5	2	1	1	2	2	3	1	1	1	4	2	1	1	3	0	1	0	3	1	1	3	1	42	
JAE008_006	2	4	1	1	1	1	1	4	1	0	0	5	1	1	1	2	1	5	0	2	0	1	3	1	39	
JAE008_007	1	4	1	1	1	2	1	0	0	0	1	1	2	1	0	2	0	3	0	0	1	0	1	1	24	5S_rRNA
JAE008_011	4	4	1	1	0	2	2	2	2	1	1	6	3	0	1	3	0	4	0	2	1	1	2	1	44	
JAE008_013	1	5	1	2	1	2	1	4	2	1	1	5	2	1	1	3	0	3	0	3	1	1	4	1	46	
JAE008_015	1	4	1	1	0	2	4	3	1	1	0	5	3	1	1	2	0	4	0	3	1	1	3	1	43	
JAE008_016	2	4	1	1	3	1	2	4	2	0	0	5	2	1	1	2	0	4	0	3	1	1	3	1	44	
JAE008_020	1	1	0	1	1	1	0	1	1	0	1	3	2	0	1	0	0	2	0	1	1	0	0	0	18	
JAE008_021	3	4	1	1	1	1	3	3	1	1	1	6	2	1	1	3	0	4	0	4	1	1	3	1	47	5S_rRNA, 5S_rRNA
JAE009_004	3	6	1	1	1	2	2	3	1	1	1	5	2	1	1	4	0	4	0	3	1	1	3	1	48	
JAE009_005	0	3	0	0	1	0	2	1	0	0	0	4	1	1	0	1	0	1	0	1	0	0	2	0	18	
JAE009_006	1	4	0	1	0	2	3	2	1	0	1	4	2	0	1	3	0	4	0	2	1	1	2	1	36	
JAE009_011	4	4	1	1	1	2	2	3	2	1	1	5	3	1	1	3	0	4	0	3	1	1	3	1	48	
JAE009_014	1	4	1	1	1	1	1	4	1	0	1	4	1	1	2	3	0	4	0	3	0	1	4	1	40	
JAE009_015	3	4	1	1	1	2	3	3	1	1	1	5	2	1	1	2	0	4	0	3	1	1	3	1	45	
JAE009_020	2	6	2	2	1	2	2	3	1	1	1	5	3	1	0	3	0	1	0	3	1	1	3	1	45	
JAE009_022	1	3	1	1	1	2	2	4	1	0	1	5	2	1	1	2	0	2	0	3	1	2	2	1	39	
JAE009_024	2	4	2	1	1	1	2	4	1	0	1	4	2	1	1	3	0	4	0	3	1	1	3	1	43	
JAE010_002	2	4	1	1	1	1	2	4	2	0	1	4	2	1	1	3	0	4	0	3	1	1	3	1	43	
JAE010_008	3	3	1	1	1	2	2	3	1	1	1	4	3	1	0	3	0	3	0	3	1	1	3	1	42	
JAE010_010	2	5	1	1	1	1	1	4	1	0	0	6	1	1	1	3	1	5	0	3	1	1	3	1	44	
JAE010_011	2	4	1	2	0	1	1	3	2	1	1	5	2	1	1	3	0	4	0	3	1	1	1	1	41	
JAE010_015	3	5	1	1	2	2	2	3	1	1	1	5	2	0	1	3	0	4	0	3	0	0	3	1	44	5S_rRNA
JAE010_018	3	4	1	1	1	2	3	3	1	1	1	5	3	1	1	3	0	4	0	3	1	1	2	1	46	
JAE010_020	1	1	1	2	0	1	1	2	0	0	0	3	1	1	2	0	0	2	0	2	0	1	2	0	23	
JAE012_003	1	5	2	0	0	2	3	0	1	0	1	5	2	1	0	3	0	4	0	1	0	1	1	1	34	
JAE012_004	1	2	0	0	1	2	0	3	1	0	0	3	1	1	1	1	0	1	0	3	1	2	2	1	27	
JAE012_005	3	3	1	1	1	2	3	4	1	1	1	5	3	1	1	3	0	3	0	4	1	1	3	1	47	5S_rRNA, 5S_rRNA
JAE012_011	1	4	2	0	1	3	1	2	1	0	1	5	2	1	1	3	0	5	0	3	0	1	1	1	39	
JAE012_012	0	1	1	2	1	2	2	2	1	0	1	3	1	1	1	3	0	4	0	1	0	1	2	1	31	
JAE012_013	3	4	1	1	0	1	1	2	1	2	0	5	3	1	1	3	0	4	0	3	1	1	2	0	40	
JAE012_015	2	5	2	1	1	2	2	3	1	1	1	5	3	1	1	3	0	3	0	3	1	1	3	1	46	
JAE012_016	0	5	1	1	1	0	1	2	1	0	1	6	0	1	1	3	0	3	0	2	0	0	2	1	32	
JAE012_018	2	5	1	1	1	1	1	4	1	0	0	6	1	1	1	3	1	6	0	3	1	1	3	1	45	
JAE012_019	2	4	1	0	1	2	1	2	1	0	1	2	1	1	0	3	1	3	0	2	1	1	2	0	32	
JAE012_021	2	5	1	2	1	2	2	5	2	1	1	5	2	1	1	3	0	4	0	3	1	1	3	1	49	
JAE012_026	0	3	1	0	0	0	0	2	0	0	0	2	2	0	0	0	0	1	0	2	0	0	0	0	13	
JAE012_027	4	4	1	1	1	2	2	3	2	1	1	5	3	1	1	3	0	4	0	3	1	1	3	1	48	
JAE013_005	2	4	1	1	1	1	1	4	1	0	0	6	1	1	1	3	1	6	0	3	1	1	3	1	44	
JAE013_011	2	4	2	1	1	1	2	4	1	0	1	4	2	1	1	3	0	4	0	4	1	1	3	0	43	
JAE013_012	1	4	2	2	2	2	2	0	1	0	1	4	2	2	2	1	0	2	0	0	0	0	2	1	33	
JAE013_017	1	3	2	0	0	0	1	2	1	0	1	2	2	1	1	3	0	1	0	3	0	0	1	0	25	
JAE013_018	2	4	1	1	0	2	1	3	1	1	1	5	2	1	1	3	0	4	0	4	1	1	2	1	42	5S_rRNA
JAE014_003	1	4	0	1	1	1	1	1	1	0	1	4	1	1	2	3	0	3	0	2	1	0	4	1	34	
JAE014_006	1	3	2	2	1	0	0	1	0	1	1	3	1	0	1	1	1	3	0	1	1	0	3	2	29	6S
JAE014_007	3	4	1	1	1	2	3	3	1	1	1	5	3	1	0	2	0	4	0	3	1	1	2	1	44	
JAE014_014	2	4	1	1	1	2	2	3	1	1	1	5	3	1	1	2	0	2	0	3	1	1	3	1	42	
JAE014_015	2	5	1	1	1	1	1	4	1	0	0	6	1	1	1	3	1	4	0	3	1	1	3	1	43	
JAE014_018	3	4	1	1	0	2	1	3	1	2	0	4	1	0	1	2	0	4	0	3	1	1	2	1	38	
JAE014_021	2	4	1	1	0	2	2	3	1	0	1	4	2	1	1	3	1	4	0	3	1	1	3	1	42	
JAE014_023	1	5	0	2	1	2	3	4	1	1	0	4	2	1	2	2	0	4	0	2	0	0	2	1	40	
JAE014_024	2	4	1	3	1	2	2	4	2	1	1	6	2	1	1	3	0	4	0	3	1	1	3	1	49	
JAE014_027	3	3	1	1	1	2	1	3	1	1	1	5	2	1	1	1	0	4	0	3	1	1	3	1	41	
JAE014_028	0	4	0	1	1	1	2	3	0	0	1	4	2	1	1	2	0	3	0	3	1	1	1	0	32	
JAE014_029	1	5	2	0	0	1	2	2	1	0	1	4	3	1	1	3	0	4	0	2	2	1	1	1	38	6S
JAE014_030	2	5	1	2	1	2	2	3	1	0	0	5	2	1	1	3	1	5	0	3	1	1	3	1	46	5S_rRNA
JAE014_031	3	4	1	0	0	2	2	3	1	0	1	5	2	1	1	3	0	4	0	2	1	1	3	1	41	
JAE015_004	0	4	0	2	1	1	1	3	1	0	1	4	2	1	1	2	0	3	0	3	1	0	2	0	33	
JAE015_005	1	4	1	2	1	2	2	4	1	0	1	5	4	1	2	2	0	3	0	2	1	2	3	1	45	5S_rRNA
JAE015_006	2	3	1	1	1	2	2	3	2	1	1	5	2	0	1	2	0	3	0	3	1	1	3	1	41	
JAE015_007	2	3	0	1	1	2	2	3	1	0	1	5	1	1	1	2	0	3	0	3	1	2	3	2	40	
JAE015_012	3	5	1	1	1	2	2	1	0	1	1	5	2	0	1	3	0	4	0	3	1	1	3	1	42	5S_rRNA
JAE015_020	3	4	1	1	1	2	2	2	1	1	1	5	3	1	0	3	0	4	0	2	1	1	2	1	42	
JAE015_021	3	3	1	1	1	2	1	3	1	0	1	5	2	1	1	3	0	4	0	3	1	1	3	1	42	
JAE015_023	3	3	1	3	1	3	3	5	2	0	1	5	2	1	1	3	1	4	0	2	1	1	3	1	50	
JAE015_026	1	4	1	0	1	2	0	3	0	0	1	2	2	1	1	3	0	2	0	4	1	1	1	1	32	
JAE015_029	0	4	0	2	1	2	3	5	1	0	1	4	3	1	2	3	0	4	0	4	1	1	2	1	45	
JAE015_030	2	5	1	1	1	2	2	2	1	0	1	5	2	1	1	3	1	4	0	2	1	1	2	1	42	
JAE015_031	3	3	1	2	1	2	2	3	1	1	1	5	3	1	1	3	0	3	0	3	1	1	3	1	45	5S_rRNA
JAE016_003	1	3	2	2	1	2	2	4	1	0	1	5	2	1	1	3	0	2	0	3	1	2	2	1	42	
JAE016_004	1	4	2	2	1	1	1	3	1	0	1	6	3	1	1	3	0	3	0	2	1	1	2	1	41	
JAE016_006	1	3	0	2	0	0	2	1	1	0	1	3	1	1	1	2	0	2	0	3	1	1	3	0	29	
JAE016_007	2	5	1	1	1	2	2	3	1	0	1	5	2	1	1	3	0	4	0	3	1	1	3	1	44	
JAE016_008	2	4	1	1	1	2	2	4	1	0	1	5	2	1	1	3	1	4	0	3	1	1	3	1	45	
JAE016_011	1	3	0	1	1	1	1	3	0	0	2	4	2	1	2	3	0	3	0	1	1	1	3	1	35	5S_rRNA
JAE016_014	2	4	1	1	1	2	2	4	1	0	1	5	2	1	1	3	0	3	0	1	0	1	1	1	38	
JAE016_017	2	4	1	1	1	2	1	3	1	0	1	3	1	0	1	3	1	2	0	1	1	0	2	0	32	
JAE016_019	0	1	0	0	1	1	1	0	0	0	0	3	1	1	0	0	1	2	0	2	0	0	0	0	14	
JAE016_020	1	4	1	1	1	2	2	4	1	0	1	5	2	1	1	3	0	2	0	4	1	1	1	1	40	
JAE016_022	2	4	2	1	1	1	2	3	1	0	1	4	2	1	1	3	0	4	0	2	1	0	3	1	40	
JAE016_030	2	5	1	2	0	2	2	4	2	1	1	5	2	1	1	3	0	4	0	3	1	1	2	1	46	
JAE016_031	4	4	1	1	1	2	2	3	2	1	1	4	3	1	1	3	0	4	0	3	1	1	3	1	47	
JAE016_034	0	6	0	2	1	2	3	4	1	0	1	5	3	1	2	3	0	4	0	2	0	0	2	1	43	
JAE016_037	2	4	1	0	0	2	3	3	1	2	0	3	3	1	0	3	0	4	0	3	1	1	4	1	42	
JAE016_038	2	5	1	1	1	2	2	3	1	0	1	5	2	1	1	3	1	4	0	3	1	1	3	1	45	
JAE016_039	0	3	0	2	1	2	2	3	1	0	1	2	2	1	1	2	0	4	0	3	1	1	2	0	34	
JAE016_040	1	8	0	0	0	2	1	2	1	0	0	5	2	0	0	1	1	4	0	2	1	1	2	1	35	
JAE016_041	0	1	0	0	1	1	1	1	0	0	1	1	0	0	0	1	1	1	0	0	1	0	0	0	11	
MOA001_001	3	5	2	1	1	2	2	3	0	2	1	6	2	1	1	3	0	4	0	3	1	1	3	1	48	5S_rRNA, 5S_rRNA
MOA001_002	1	3	1	0	0	0	1	1	0	0	1	4	1	1	1	1	0	2	0	2	0	0	2	1	23	
MOA001_004	0	3	1	0	1	0	2	1	0	0	0	4	0	1	1	1	0	2	0	2	0	0	1	1	21	5S_rRNA
MOA001_007	2	4	1	0	1	2	2	1	1	0	1	5	2	1	0	3	1	4	0	1	0	0	1	0	33	
OAK002_008	0	2	0	0	1	0	0	1	0	0	0	3	1	0	0	0	0	2	0	2	0	0	0	0	12	23S-methyl
OAK003_001	0	2	0	0	0	1	1	1	1	0	0	3	2	0	0	3	0	1	0	2	0	0	1	0	18	
OAK003_004	2	5	1	1	1	2	2	3	0	0	1	4	2	0	1	3	0	3	0	3	1	1	3	0	39	5S_rRNA
OAK003_006	0	3	0	0	0	0	2	1	0	0	0	4	0	1	0	1	0	1	0	1	0	0	0	0	14	
OAK005_008	1	4	1	0	1	2	2	3	1	0	1	5	1	1	1	3	1	4	0	3	1	1	2	0	39	
OFN001_001	0	2	1	0	1	0	2	0	0	0	1	4	1	1	1	1	0	3	0	2	0	0	0	1	21	
OFN001_002	1	4	1	1	0	1	2	2	0	0	1	6	2	0	1	2	0	4	0	2	1	1	1	1	34	5S_rRNA
OFN001_003	1	3	1	0	1	1	1	0	1	1	0	1	0	1	1	0	0	3	0	0	0	0	2	1	19	
OFN001_012	2	2	1	1	0	2	3	2	1	0	1	6	1	0	1	2	1	2	0	2	1	0	3	1	35	
OFN001_016	1	2	0	0	0	0	1	1	0	0	1	1	0	1	0	2	0	2	0	0	1	0	1	0	14	
OFN001_020	2	2	0	0	0	0	1	1	0	0	0	1	0	0	0	0	0	1	0	1	0	0	0	0	9	5S_rRNA
PES001_004	3	2	0	1	1	2	3	3	0	1	1	3	0	0	0	2	0	2	0	1	1	0	2	0	28	
PES001_015	1	4	3	2	0	3	0	2	1	0	1	7	2	1	2	0	0	5	0	1	1	2	2	1	41	6S
PES001_018	2	3	1	1	1	1	2	2	1	0	1	5	2	1	1	3	0	4	1	3	1	1	3	1	41	
PLV001_002	3	3	1	2	1	2	1	3	1	0	1	6	4	1	1	3	0	1	0	4	1	1	3	1	44	
PLV001_003	2	4	0	1	1	2	2	3	1	1	1	4	2	1	1	3	0	3	0	3	1	1	2	1	40	
PLV001_005	2	4	0	0	0	2	2	2	1	0	1	5	2	0	1	3	1	4	0	1	0	1	2	0	34	5S_rRNA
PLV001_006	3	4	1	1	1	2	2	3	1	1	1	5	2	1	1	4	0	4	0	3	1	1	3	1	46	5S_rRNA
PLV001_007	1	2	1	1	0	1	1	1	0	0	0	4	0	0	0	1	0	2	0	1	0	0	1	1	18	5S_rRNA
PLV001_013	1	4	1	1	1	1	1	2	1	1	0	3	1	1	1	1	0	3	0	2	0	1	2	1	30	
PYK001_001	2	4	1	1	1	2	2	3	1	0	1	5	2	1	1	3	0	5	0	3	1	1	4	1	45	5S_rRNA
PYK003_003	2	4	1	0	0	1	1	3	0	0	1	6	2	1	1	2	0	4	0	3	1	1	1	1	36	5S_rRNA
PYK005_002	3	4	1	0	1	2	1	1	1	2	0	6	0	1	0	1	0	3	0	3	1	1	3	1	36	
PYK005_009	1	2	0	0	1	0	1	1	0	0	0	3	1	1	0	1	0	1	0	0	0	0	1	1	15	5S_rRNA
RIG001_013	1	2	0	0	1	0	0	1	0	1	0	2	0	0	1	0	0	1	0	1	0	0	0	0	11	
RIG001_014	1	3	1	1	1	2	2	2	1	0	1	5	2	1	1	2	0	5	1	1	0	0	3	1	37	
SPM002_001	3	4	1	1	1	2	2	2	1	1	1	5	2	1	1	3	0	4	0	2	1	0	3	1	42	
TAF008_002	1	4	0	0	1	1	2	3	1	0	1	3	2	1	0	3	1	4	0	3	1	1	4	0	37	
TAF008_003	2	5	1	1	1	2	2	3	1	0	1	4	2	1	1	3	0	4	0	3	1	1	4	1	44	
TAF008_009	1	2	1	1	0	2	1	3	0	0	0	5	2	2	1	2	0	3	0	1	1	1	1	0	30	
VLC001_001	0	3	1	2	0	0	0	3	0	0	1	4	0	1	0	1	1	3	0	2	1	1	1	1	26	6S
VLC001_002	2	5	1	1	1	2	2	3	1	0	1	4	2	1	1	4	0	4	0	3	1	1	3	1	44	
VLC001_003	2	2	1	0	1	2	1	1	1	0	1	4	2	1	1	1	1	0	0	2	1	0	0	1	26	
VLC001_005	1	3	1	2	1	1	2	2	1	0	1	5	1	1	1	2	0	3	0	3	1	1	3	1	37	5S_rRNA
VLC001_006	4	4	1	1	1	2	2	3	2	1	1	5	3	1	1	3	0	4	0	3	1	1	3	1	48	
VLC001_009	0	1	1	0	0	0	1	0	0	0	0	2	0	0	0	1	0	2	0	2	0	1	0	0	11	23S-methyl
VLC001_010	0	1	0	0	0	0	0	0	0	0	0	0	0	0	0	0	0	1	0	0	0	0	0	0	2	23S-methyl
VLC001_011	2	4	1	1	1	1	2	4	2	0	1	4	2	1	1	3	0	4	0	3	1	1	3	1	43	
VLC001_015	2	4	1	1	1	2	2	2	0	0	1	4	1	1	1	2	0	4	0	1	0	1	3	1	35	
VLC001_016	3	4	1	1	1	2	3	3	1	1	1	5	2	1	1	3	0	4	0	3	1	1	3	1	46	
VLC001_022	2	4	1	1	1	1	1	3	1	0	0	6	1	2	1	3	1	5	0	3	1	1	3	1	43	
VLC001_024	0	4	0	0	1	2	1	1	1	0	1	4	2	1	0	1	0	3	0	1	1	1	3	1	29	5S_rRNA
VLC001_026	1	3	2	2	1	2	2	3	1	0	1	5	2	1	1	2	0	2	0	3	1	2	2	1	40	
VLC001_028	1	4	1	1	0	2	3	3	1	0	1	5	3	1	1	3	0	3	0	4	1	1	2	1	42	
VLC001_033	0	3	0	1	1	1	2	0	1	0	0	2	1	0	0	0	0	1	0	1	0	0	1	0	15	
VLC001_036	2	5	1	1	1	2	2	3	1	0	1	5	2	1	1	3	1	4	0	3	1	1	3	1	45	
VLC001_038	0	3	0	1	1	1	1	0	0	0	0	3	1	1	0	0	1	2	0	3	0	1	1	0	20	
VLC002_004	4	4	1	1	1	2	2	3	2	1	1	5	3	1	1	3	0	3	0	3	1	1	3	1	47	
VLC002_007	3	4	1	1	1	2	4	3	1	1	1	5	2	1	1	3	0	4	0	3	1	1	3	1	47	5S_rRNA
VLC003_001	0	2	0	0	0	0	0	1	0	0	0	2	1	0	0	0	0	1	0	0	0	0	0	0	7	
VLC003_002	2	4	2	1	1	1	2	3	1	0	1	4	2	1	1	3	0	4	0	2	1	0	3	1	40	
VLC003_004	1	6	1	0	1	1	2	3	1	0	0	4	2	2	1	3	0	4	0	2	0	1	1	0	36	6S
VLC003_005	4	4	1	1	1	2	2	3	2	1	1	4	2	1	1	3	0	4	0	3	1	1	3	1	46	
VLC003_014	1	3	1	0	0	3	1	0	1	0	1	4	1	0	0	2	0	3	0	0	0	0	1	0	22	
VLC004_002	4	3	1	0	1	1	0	3	1	1	1	5	1	1	0	3	0	3	0	3	1	1	3	1	38	
VLC004_006	2	4	1	1	1	1	2	3	1	0	1	4	2	1	1	3	0	4	0	3	1	1	3	1	41	
VLC004_014	2	4	1	1	1	1	1	4	1	0	0	6	1	1	1	3	1	4	0	3	1	1	3	0	41	
VLC004_018	1	4	1	2	1	1	0	2	1	0	1	4	2	1	1	3	0	4	0	3	0	0	3	0	35	
VLC004_021	5	4	1	1	1	1	1	3	1	1	1	5	1	1	1	3	0	5	0	3	1	1	3	1	45	
VLC004_023	0	3	2	0	1	1	1	0	1	0	0	2	2	1	0	2	0	2	0	2	0	1	0	1	22	
VLC004_024	2	5	1	2	1	1	1	5	0	1	1	6	2	1	1	3	0	4	0	3	1	1	3	1	46	
VLC004_025	0	6	1	2	0	2	2	4	0	0	1	5	3	1	0	2	0	3	0	2	0	0	2	1	37	
VLC004_026	0	4	1	1	1	1	1	2	1	0	1	3	2	1	1	3	0	3	0	3	1	1	2	1	34	
VLC004_029	2	8	1	0	1	2	2	2	1	0	0	4	2	1	0	1	0	4	0	2	1	0	2	1	37	
VLC004_030	0	4	0	1	1	1	0	1	0	0	1	4	3	1	0	2	0	3	0	2	0	1	2	1	28	
VLC004_032	1	4	1	1	1	1	1	4	1	1	1	5	2	1	1	4	0	2	0	4	1	1	1	1	40	
VLC005_008	4	4	1	1	1	2	2	3	2	1	1	5	3	1	1	3	0	4	0	3	1	1	3	1	48	
VLC005_009	1	4	1	1	0	1	2	3	1	1	1	5	2	1	1	2	0	3	0	5	1	1	1	1	39	
VLC005_013	0	2	0	0	0	0	0	1	0	0	1	1	1	0	1	1	0	2	0	0	1	0	0	0	11	
VLC005_014	0	3	2	0	2	2	0	4	0	0	1	5	2	1	1	1	1	3	0	2	1	1	1	1	34	5S_rRNA, 6S
VLC005_015	0	4	1	1	0	1	1	2	0	0	0	4	2	1	0	1	1	4	0	3	1	1	1	1	30	
VLC005_017	1	4	0	1	1	0	1	3	0	0	0	2	0	0	0	2	0	1	0	3	0	1	1	0	21	
VLC005_023	2	3	2	1	1	1	2	3	0	0	1	4	2	1	1	2	0	2	0	2	1	0	2	1	34	
VLC005_026	0	3	1	1	1	1	0	2	0	0	0	3	2	0	0	0	0	1	0	2	0	0	0	1	18	
VLC005_028	1	3	1	0	1	2	2	2	0	0	1	5	2	0	1	2	0	3	0	2	1	0	1	1	31	
VLC005_034	1	3	1	2	0	2	3	2	1	1	1	4	2	1	1	2	0	4	0	3	1	1	1	1	38	
VLC005_035	0	2	1	0	0	3	0	1	0	0	0	5	1	0	1	3	0	3	0	1	1	0	2	1	25	
VLC008_002	2	4	1	1	1	1	2	4	2	0	1	4	2	1	1	4	0	4	0	3	1	1	3	1	44	
VLC008_003	2	5	1	0	1	2	2	3	1	0	1	4	2	1	1	3	1	4	0	3	1	1	2	1	42	
VLC008_006	5	4	1	1	1	2	3	3	2	2	1	5	3	1	1	3	0	4	0	3	1	1	3	1	51	
VLC008_007	2	3	2	4	1	1	3	2	1	0	2	7	2	1	2	3	1	4	0	2	1	0	4	3	51	
VLC008_010	1	3	1	1	1	2	2	4	1	0	1	5	1	1	1	3	0	2	0	1	1	1	1	1	35	
VLC008_012	2	5	1	1	1	2	2	3	0	0	1	4	2	1	1	3	0	4	0	3	1	1	3	1	42	
VLC008_013	1	4	2	1	1	0	1	4	1	0	1	5	2	1	1	3	0	4	0	3	1	2	1	1	40	
VLC008_019	3	4	1	0	1	2	0	4	1	2	0	5	3	1	0	2	0	4	0	3	1	1	4	1	43	
VLC008_022	2	5	1	1	0	1	2	1	0	0	0	1	1	1	1	3	0	4	0	2	0	1	2	2	31	
VLC008_023	2	4	0	1	1	1	1	4	1	0	0	6	1	1	1	3	1	6	0	3	1	1	3	1	43	
VLC008_025	0	3	0	1	0	1	1	2	0	0	0	3	2	0	0	0	1	4	0	3	0	1	1	0	23	
VLC008_032	3	4	1	1	1	2	3	3	1	1	1	5	2	1	1	2	0	4	0	3	1	1	3	1	45	
VLC008_033	1	4	0	1	1	2	0	3	1	0	0	4	1	1	1	0	0	2	0	1	0	1	2	1	27	5S_rRNA
VLC009_002	2	3	1	1	1	1	1	3	1	0	0	5	1	1	1	3	1	3	0	3	0	1	2	1	36	
VLC009_003	3	4	1	1	1	2	2	3	2	1	1	5	2	1	1	2	0	4	0	4	1	1	3	0	45	
VLC009_009	2	4	2	1	1	1	2	4	1	0	1	4	2	1	1	3	0	4	0	3	1	1	3	1	43	
VLC009_010	1	3	2	0	1	1	2	2	0	0	1	6	1	1	1	3	0	3	0	2	0	0	2	1	33	6S
VLC009_013	2	3	1	0	1	2	1	1	1	0	1	3	1	0	0	3	0	1	0	1	1	0	0	0	23	
VLC009_016	1	3	1	0	0	3	0	1	1	1	1	5	1	1	1	3	0	4	0	2	1	1	1	1	33	
VLC009_018	1	5	1	2	1	2	2	5	2	1	1	5	2	1	1	3	0	4	0	3	1	1	4	1	49	
VLC009_022	2	3	2	1	1	1	0	5	1	0	2	4	2	1	2	2	1	4	0	2	1	1	3	0	41	
VLC009_030	3	3	1	1	1	2	3	2	0	1	1	5	0	1	1	3	0	4	0	3	1	1	2	0	39	
VLC009_032	2	4	0	1	1	2	1	1	0	1	1	4	2	1	0	2	0	3	0	2	1	0	1	0	30	
VLC010_004	2	4	2	1	1	1	2	3	1	0	1	4	2	1	1	3	0	4	0	2	1	0	3	0	39	
VLC010_005	4	4	1	1	1	2	2	2	2	1	1	4	3	1	1	2	0	3	0	3	1	1	3	1	44	
VLC010_006	1	4	1	1	1	2	2	4	1	1	1	5	2	1	1	3	0	4	0	4	1	1	3	1	45	
VLC010_009	2	3	1	2	1	2	2	6	2	1	1	5	2	1	1	3	0	4	0	3	1	1	4	1	49	
VLC010_012	2	2	0	1	1	2	2	2	1	1	1	5	2	1	2	2	0	1	0	3	1	1	2	1	36	
ZAF001_001	0	3	1	1	1	2	2	3	1	0	1	5	2	1	1	3	0	3	0	2	1	0	1	0	34	
