sample	MAG	Pos	C>T	G>A	A>C	A>G	A>T	C>A	C>G	G>C	G>T	T>A	T>C	T>G
EMN001	Flexilinea	0	0.2590	0.0028	0.0027	0.0033	0.0015	0.0019	0.0005	0.0048	0.0046	0.0019	0.0023	0.0004
EMN001	Flexilinea	1	0.1376	0.0029	0.0016	0.0025	0.0020	0.0043	0.0008	0.0039	0.0051	0.0030	0.0014	0.0009
EMN001	Flexilinea	2	0.0795	0.0025	0.0029	0.0020	0.0008	0.0050	0.0006	0.0041	0.0024	0.0019	0.0031	0.0007
EMN001	Flexilinea	3	0.0584	0.0026	0.0016	0.0017	0.0022	0.0047	0.0006	0.0024	0.0047	0.0021	0.0019	0.0005
EMN001	Flexilinea	4	0.0453	0.0024	0.0013	0.0023	0.0017	0.0052	0.0005	0.0026	0.0039	0.0024	0.0021	0.0007
EMN001	Flexilinea	5	0.0376	0.0025	0.0019	0.0019	0.0007	0.0050	0.0006	0.0036	0.0029	0.0025	0.0025	0.0006
EMN001	Flexilinea	6	0.0312	0.0029	0.0018	0.0019	0.0007	0.0050	0.0004	0.0044	0.0027	0.0023	0.0017	0.0006
EMN001	Flexilinea	7	0.0277	0.0032	0.0012	0.0023	0.0008	0.0052	0.0007	0.0030	0.0024	0.0025	0.0020	0.0005
EMN001	Flexilinea	8	0.0244	0.0037	0.0013	0.0021	0.0007	0.0057	0.0006	0.0026	0.0022	0.0026	0.0018	0.0005
EMN001	Flexilinea	9	0.0216	0.0034	0.0011	0.0019	0.0012	0.0046	0.0006	0.0029	0.0025	0.0022	0.0017	0.0006
EMN001	Flexilinea	10	0.0196	0.0035	0.0018	0.0023	0.0007	0.0050	0.0005	0.0032	0.0019	0.0026	0.0025	0.0007
EMN001	Flexilinea	11	0.0206	0.0034	0.0010	0.0018	0.0022	0.0055	0.0006	0.0023	0.0043	0.0021	0.0017	0.0007
EMN001	Flexilinea	12	0.0189	0.0029	0.0013	0.0018	0.0008	0.0045	0.0006	0.0024	0.0022	0.0018	0.0016	0.0007
EMN001	Flexilinea	13	0.0199	0.0036	0.0011	0.0022	0.0012	0.0048	0.0006	0.0023	0.0026	0.0022	0.0019	0.0005
EMN001	Flexilinea	14	0.0195	0.0031	0.0010	0.0019	0.0008	0.0048	0.0006	0.0023	0.0026	0.0022	0.0019	0.0009
EMN001	Flexilinea	15	0.0192	0.0032	0.0009	0.0016	0.0005	0.0050	0.0008	0.0022	0.0023	0.0024	0.0014	0.0006
EMN001	Flexilinea	16	0.0195	0.0035	0.0009	0.0019	0.0006	0.0049	0.0007	0.0024	0.0020	0.0021	0.0015	0.0007
EMN001	Flexilinea	17	0.0189	0.0034	0.0012	0.0018	0.0006	0.0049	0.0007	0.0021	0.0021	0.0019	0.0017	0.0006
EMN001	Flexilinea	18	0.0176	0.0037	0.0012	0.0019	0.0006	0.0050	0.0006	0.0022	0.0018	0.0022	0.0015	0.0009
EMN001	Flexilinea	19	0.0173	0.0044	0.0012	0.0021	0.0006	0.0054	0.0007	0.0023	0.0018	0.0025	0.0017	0.0010
EMN001	Flexilinea	20	0.0168	0.0050	0.0013	0.0019	0.0004	0.0054	0.0009	0.0020	0.0018	0.0025	0.0014	0.0008
EMN001	Flexilinea	21	0.0169	0.0049	0.0012	0.0016	0.0007	0.0047	0.0008	0.0021	0.0019	0.0022	0.0015	0.0009
EMN001	Flexilinea	22	0.0159	0.0061	0.0014	0.0023	0.0006	0.0053	0.0007	0.0021	0.0019	0.0024	0.0017	0.0008
EMN001	Flexilinea	23	0.0163	0.0060	0.0014	0.0020	0.0005	0.0055	0.0009	0.0019	0.0021	0.0026	0.0016	0.0010
EMN001	Flexilinea	24	0.0149	0.0068	0.0014	0.0018	0.0007	0.0058	0.0009	0.0022	0.0019	0.0023	0.0018	0.0009
EMN001	Climicola	0	0.3108	0.0007	0.0019	0.0016	0.0008	0.0016	0.0003	0.0054	0.0058	0.0017	0.0013	0.0003
EMN001	Climicola	1	0.1663	0.0006	0.0012	0.0011	0.0014	0.0041	0.0006	0.0038	0.0041	0.0030	0.0005	0.0005
EMN001	Climicola	2	0.0899	0.0004	0.0022	0.0007	0.0005	0.0049	0.0004	0.0041	0.0023	0.0018	0.0012	0.0004
EMN001	Climicola	3	0.0645	0.0005	0.0012	0.0005	0.0017	0.0046	0.0003	0.0021	0.0032	0.0021	0.0004	0.0002
EMN001	Climicola	4	0.0480	0.0004	0.0012	0.0006	0.0011	0.0052	0.0003	0.0028	0.0037	0.0021	0.0004	0.0004
EMN001	Climicola	5	0.0379	0.0006	0.0013	0.0005	0.0005	0.0054	0.0004	0.0035	0.0027	0.0021	0.0008	0.0003
EMN001	Climicola	6	0.0302	0.0010	0.0016	0.0004	0.0006	0.0049	0.0003	0.0047	0.0026	0.0023	0.0006	0.0002
EMN001	Climicola	7	0.0254	0.0013	0.0009	0.0007	0.0004	0.0048	0.0006	0.0033	0.0023	0.0023	0.0003	0.0005
EMN001	Climicola	8	0.0216	0.0021	0.0010	0.0004	0.0003	0.0055	0.0003	0.0031	0.0024	0.0023	0.0004	0.0004
EMN001	Climicola	9	0.0201	0.0015	0.0008	0.0005	0.0010	0.0049	0.0006	0.0031	0.0026	0.0024	0.0003	0.0005
EMN001	Climicola	10	0.0183	0.0016	0.0012	0.0004	0.0004	0.0048	0.0004	0.0031	0.0019	0.0022	0.0005	0.0004
EMN001	Climicola	11	0.0184	0.0017	0.0007	0.0004	0.0016	0.0048	0.0004	0.0022	0.0038	0.0020	0.0002	0.0004
EMN001	Climicola	12	0.0176	0.0016	0.0009	0.0002	0.0006	0.0045	0.0004	0.0027	0.0020	0.0018	0.0003	0.0003
EMN001	Climicola	13	0.0172	0.0016	0.0009	0.0002	0.0006	0.0047	0.0003	0.0022	0.0025	0.0019	0.0003	0.0003
EMN001	Climicola	14	0.0171	0.0016	0.0007	0.0004	0.0005	0.0048	0.0005	0.0023	0.0023	0.0020	0.0002	0.0005
EMN001	Climicola	15	0.0164	0.0017	0.0007	0.0003	0.0003	0.0047	0.0005	0.0019	0.0018	0.0020	0.0002	0.0003
EMN001	Climicola	16	0.0164	0.0017	0.0008	0.0003	0.0003	0.0044	0.0005	0.0020	0.0019	0.0019	0.0002	0.0003
EMN001	Climicola	17	0.0157	0.0020	0.0007	0.0003	0.0003	0.0047	0.0004	0.0019	0.0018	0.0019	0.0001	0.0004
EMN001	Climicola	18	0.0153	0.0021	0.0008	0.0002	0.0003	0.0045	0.0005	0.0020	0.0018	0.0022	0.0001	0.0004
EMN001	Climicola	19	0.0148	0.0027	0.0010	0.0003	0.0003	0.0048	0.0005	0.0021	0.0019	0.0020	0.0001	0.0004
EMN001	Climicola	20	0.0143	0.0035	0.0010	0.0004	0.0003	0.0049	0.0005	0.0023	0.0017	0.0022	0.0002	0.0004
EMN001	Climicola	21	0.0132	0.0039	0.0009	0.0003	0.0003	0.0047	0.0005	0.0022	0.0018	0.0020	0.0001	0.0004
EMN001	Climicola	22	0.0127	0.0049	0.0010	0.0003	0.0004	0.0050	0.0006	0.0021	0.0018	0.0020	0.0001	0.0005
EMN001	Climicola	23	0.0122	0.0060	0.0009	0.0003	0.0004	0.0052	0.0007	0.0021	0.0018	0.0019	0.0002	0.0005
EMN001	Climicola	24	0.0118	0.0070	0.0010	0.0003	0.0003	0.0054	0.0008	0.0022	0.0020	0.0026	0.0002	0.0006
PES001	Flexilinea	0	0.3535	0.0509	0.0018	0.0054	0.0026	0.0011	0.0005	0.0022	0.0050	0.0006	0.0032	0.0005
PES001	Flexilinea	1	0.1741	0.0139	0.0012	0.0066	0.0015	0.0012	0.0008	0.0012	0.0022	0.0010	0.0050	0.0010
PES001	Flexilinea	2	0.0871	0.0093	0.0012	0.0053	0.0006	0.0013	0.0009	0.0010	0.0016	0.0007	0.0056	0.0011
PES001	Flexilinea	3	0.0713	0.0092	0.0013	0.0046	0.0010	0.0016	0.0009	0.0011	0.0023	0.0010	0.0052	0.0010
PES001	Flexilinea	4	0.0517	0.0075	0.0012	0.0060	0.0008	0.0012	0.0007	0.0009	0.0019	0.0007	0.0060	0.0010
PES001	Flexilinea	5	0.0443	0.0070	0.0011	0.0055	0.0006	0.0013	0.0007	0.0008	0.0020	0.0006	0.0052	0.0009
PES001	Flexilinea	6	0.0365	0.0067	0.0011	0.0048	0.0005	0.0011	0.0005	0.0010	0.0017	0.0006	0.0050	0.0009
PES001	Flexilinea	7	0.0338	0.0073	0.0013	0.0058	0.0007	0.0014	0.0008	0.0010	0.0019	0.0008	0.0062	0.0012
PES001	Flexilinea	8	0.0316	0.0068	0.0009	0.0054	0.0004	0.0011	0.0006	0.0008	0.0017	0.0006	0.0052	0.0009
PES001	Flexilinea	9	0.0291	0.0066	0.0008	0.0047	0.0006	0.0011	0.0005	0.0007	0.0019	0.0003	0.0044	0.0008
PES001	Flexilinea	10	0.0282	0.0060	0.0012	0.0055	0.0005	0.0010	0.0005	0.0009	0.0018	0.0004	0.0056	0.0009
PES001	Flexilinea	11	0.0289	0.0061	0.0008	0.0053	0.0006	0.0013	0.0006	0.0007	0.0020	0.0005	0.0052	0.0008
PES001	Flexilinea	12	0.0288	0.0071	0.0013	0.0049	0.0007	0.0016	0.0008	0.0013	0.0018	0.0010	0.0051	0.0010
PES001	Flexilinea	13	0.0297	0.0065	0.0010	0.0052	0.0006	0.0010	0.0005	0.0008	0.0017	0.0004	0.0056	0.0008
PES001	Flexilinea	14	0.0306	0.0064	0.0007	0.0045	0.0006	0.0012	0.0005	0.0009	0.0016	0.0005	0.0048	0.0009
PES001	Flexilinea	15	0.0309	0.0062	0.0008	0.0042	0.0004	0.0010	0.0004	0.0009	0.0017	0.0004	0.0046	0.0007
PES001	Flexilinea	16	0.0307	0.0065	0.0010	0.0052	0.0005	0.0011	0.0005	0.0009	0.0016	0.0005	0.0049	0.0008
PES001	Flexilinea	17	0.0306	0.0060	0.0008	0.0043	0.0005	0.0011	0.0004	0.0007	0.0014	0.0004	0.0044	0.0008
PES001	Flexilinea	18	0.0305	0.0061	0.0007	0.0039	0.0004	0.0010	0.0004	0.0008	0.0014	0.0003	0.0040	0.0006
PES001	Flexilinea	19	0.0303	0.0065	0.0009	0.0047	0.0004	0.0011	0.0005	0.0009	0.0016	0.0003	0.0050	0.0009
PES001	Flexilinea	20	0.0310	0.0068	0.0008	0.0051	0.0004	0.0011	0.0004	0.0007	0.0017	0.0004	0.0046	0.0008
PES001	Flexilinea	21	0.0318	0.0070	0.0008	0.0047	0.0005	0.0012	0.0005	0.0010	0.0018	0.0005	0.0047	0.0008
PES001	Flexilinea	22	0.0328	0.0075	0.0009	0.0051	0.0004	0.0011	0.0006	0.0009	0.0016	0.0005	0.0055	0.0008
PES001	Flexilinea	23	0.0321	0.0078	0.0010	0.0051	0.0006	0.0015	0.0007	0.0009	0.0017	0.0005	0.0051	0.0009
PES001	Flexilinea	24	0.0339	0.0080	0.0011	0.0045	0.0004	0.0013	0.0006	0.0009	0.0016	0.0005	0.0046	0.0008
PES001	Climicola	0	0.4112	0.0510	0.0013	0.0052	0.0027	0.0010	0.0006	0.0025	0.0049	0.0006	0.0029	0.0004
PES001	Climicola	1	0.2080	0.0176	0.0008	0.0060	0.0012	0.0012	0.0010	0.0011	0.0020	0.0009	0.0039	0.0008
PES001	Climicola	2	0.1154	0.0113	0.0008	0.0049	0.0007	0.0010	0.0009	0.0013	0.0013	0.0007	0.0044	0.0008
PES001	Climicola	3	0.0931	0.0108	0.0010	0.0044	0.0010	0.0014	0.0009	0.0014	0.0020	0.0010	0.0046	0.0008
PES001	Climicola	4	0.0668	0.0087	0.0008	0.0049	0.0006	0.0010	0.0007	0.0012	0.0018	0.0006	0.0047	0.0007
PES001	Climicola	5	0.0564	0.0072	0.0007	0.0047	0.0005	0.0009	0.0007	0.0013	0.0018	0.0005	0.0042	0.0005
PES001	Climicola	6	0.0441	0.0072	0.0007	0.0044	0.0005	0.0010	0.0007	0.0015	0.0018	0.0003	0.0045	0.0005
PES001	Climicola	7	0.0384	0.0070	0.0008	0.0050	0.0005	0.0011	0.0009	0.0014	0.0017	0.0006	0.0048	0.0008
PES001	Climicola	8	0.0349	0.0068	0.0005	0.0041	0.0004	0.0010	0.0007	0.0014	0.0017	0.0004	0.0046	0.0005
PES001	Climicola	9	0.0291	0.0063	0.0006	0.0042	0.0005	0.0009	0.0006	0.0011	0.0017	0.0003	0.0041	0.0005
PES001	Climicola	10	0.0283	0.0063	0.0006	0.0042	0.0004	0.0009	0.0005	0.0013	0.0017	0.0003	0.0045	0.0005
PES001	Climicola	11	0.0286	0.0059	0.0005	0.0039	0.0005	0.0009	0.0006	0.0012	0.0019	0.0004	0.0043	0.0006
PES001	Climicola	12	0.0277	0.0063	0.0009	0.0041	0.0005	0.0014	0.0009	0.0016	0.0019	0.0009	0.0046	0.0007
PES001	Climicola	13	0.0289	0.0062	0.0004	0.0040	0.0003	0.0008	0.0005	0.0011	0.0016	0.0002	0.0041	0.0004
PES001	Climicola	14	0.0302	0.0061	0.0005	0.0039	0.0004	0.0008	0.0005	0.0009	0.0015	0.0003	0.0039	0.0004
PES001	Climicola	15	0.0313	0.0062	0.0004	0.0035	0.0003	0.0007	0.0005	0.0010	0.0015	0.0003	0.0040	0.0004
PES001	Climicola	16	0.0304	0.0059	0.0007	0.0036	0.0003	0.0008	0.0006	0.0012	0.0015	0.0003	0.0037	0.0004
PES001	Climicola	17	0.0304	0.0059	0.0004	0.0035	0.0003	0.0008	0.0005	0.0010	0.0015	0.0003	0.0036	0.0005
PES001	Climicola	18	0.0305	0.0057	0.0004	0.0031	0.0003	0.0006	0.0004	0.0011	0.0015	0.0002	0.0035	0.0004
PES001	Climicola	19	0.0308	0.0059	0.0004	0.0035	0.0002	0.0007	0.0004	0.0009	0.0015	0.0002	0.0037	0.0004
PES001	Climicola	20	0.0326	0.0065	0.0004	0.0037	0.0003	0.0009	0.0005	0.0011	0.0015	0.0003	0.0041	0.0004
PES001	Climicola	21	0.0330	0.0069	0.0005	0.0036	0.0004	0.0008	0.0006	0.0012	0.0016	0.0004	0.0039	0.0005
PES001	Climicola	22	0.0343	0.0073	0.0005	0.0039	0.0003	0.0008	0.0006	0.0012	0.0018	0.0003	0.0042	0.0005
PES001	Climicola	23	0.0349	0.0077	0.0006	0.0039	0.0003	0.0009	0.0007	0.0014	0.0018	0.0004	0.0044	0.0006
PES001	Climicola	24	0.0354	0.0080	0.0006	0.0036	0.0003	0.0009	0.0007	0.0013	0.0018	0.0004	0.0041	0.0005
PLV001	Flexilinea	0	0.1990	0.0067	0.0029	0.0046	0.0024	0.0022	0.0010	0.0060	0.0083	0.0021	0.0055	0.0008
PLV001	Flexilinea	1	0.1086	0.0053	0.0019	0.0054	0.0023	0.0032	0.0011	0.0039	0.0065	0.0027	0.0040	0.0014
PLV001	Flexilinea	2	0.0657	0.0051	0.0028	0.0045	0.0011	0.0037	0.0009	0.0036	0.0038	0.0018	0.0055	0.0010
PLV001	Flexilinea	3	0.0512	0.0043	0.0014	0.0042	0.0019	0.0043	0.0007	0.0017	0.0052	0.0016	0.0042	0.0010
PLV001	Flexilinea	4	0.0427	0.0054	0.0012	0.0044	0.0014	0.0038	0.0007	0.0020	0.0052	0.0012	0.0045	0.0012
PLV001	Flexilinea	5	0.0362	0.0050	0.0016	0.0049	0.0006	0.0044	0.0006	0.0025	0.0043	0.0015	0.0043	0.0009
PLV001	Flexilinea	6	0.0308	0.0057	0.0016	0.0042	0.0008	0.0045	0.0005	0.0028	0.0048	0.0011	0.0047	0.0011
PLV001	Flexilinea	7	0.0265	0.0061	0.0014	0.0050	0.0005	0.0044	0.0009	0.0018	0.0045	0.0016	0.0049	0.0011
PLV001	Flexilinea	8	0.0243	0.0060	0.0011	0.0050	0.0005	0.0039	0.0006	0.0019	0.0034	0.0019	0.0048	0.0009
PLV001	Flexilinea	9	0.0235	0.0058	0.0012	0.0042	0.0010	0.0043	0.0007	0.0017	0.0037	0.0013	0.0041	0.0009
PLV001	Flexilinea	10	0.0216	0.0069	0.0018	0.0048	0.0006	0.0042	0.0008	0.0017	0.0035	0.0019	0.0049	0.0011
PLV001	Flexilinea	11	0.0219	0.0062	0.0010	0.0052	0.0013	0.0038	0.0010	0.0016	0.0048	0.0013	0.0044	0.0013
PLV001	Flexilinea	12	0.0199	0.0055	0.0010	0.0041	0.0006	0.0034	0.0005	0.0016	0.0034	0.0013	0.0046	0.0009
PLV001	Flexilinea	13	0.0195	0.0052	0.0009	0.0047	0.0008	0.0040	0.0007	0.0015	0.0035	0.0015	0.0046	0.0011
PLV001	Flexilinea	14	0.0194	0.0062	0.0010	0.0047	0.0007	0.0044	0.0007	0.0010	0.0031	0.0014	0.0046	0.0011
PLV001	Flexilinea	15	0.0176	0.0056	0.0009	0.0038	0.0005	0.0042	0.0005	0.0013	0.0030	0.0014	0.0040	0.0009
PLV001	Flexilinea	16	0.0172	0.0059	0.0011	0.0045	0.0006	0.0038	0.0004	0.0012	0.0031	0.0018	0.0045	0.0009
PLV001	Flexilinea	17	0.0161	0.0059	0.0008	0.0042	0.0005	0.0038	0.0007	0.0010	0.0028	0.0014	0.0041	0.0008
PLV001	Flexilinea	18	0.0147	0.0060	0.0009	0.0040	0.0003	0.0043	0.0006	0.0009	0.0028	0.0011	0.0039	0.0008
PLV001	Flexilinea	19	0.0140	0.0063	0.0011	0.0040	0.0006	0.0037	0.0005	0.0011	0.0027	0.0011	0.0043	0.0006
PLV001	Flexilinea	20	0.0142	0.0077	0.0007	0.0047	0.0005	0.0043	0.0008	0.0010	0.0026	0.0013	0.0037	0.0009
PLV001	Flexilinea	21	0.0140	0.0085	0.0009	0.0043	0.0004	0.0039	0.0005	0.0010	0.0032	0.0014	0.0042	0.0009
PLV001	Flexilinea	22	0.0138	0.0096	0.0010	0.0050	0.0005	0.0044	0.0009	0.0013	0.0028	0.0011	0.0043	0.0011
PLV001	Flexilinea	23	0.0127	0.0104	0.0008	0.0047	0.0006	0.0043	0.0007	0.0012	0.0026	0.0012	0.0048	0.0009
PLV001	Flexilinea	24	0.0136	0.0118	0.0011	0.0042	0.0008	0.0048	0.0007	0.0011	0.0025	0.0012	0.0039	0.0008
PLV001	Climicola	0	0.2176	0.0225	0.0070	0.0183	0.0067	0.0075	0.0054	0.0131	0.0178	0.0042	0.0207	0.0041
PLV001	Climicola	1	0.1040	0.0210	0.0066	0.0252	0.0059	0.0094	0.0090	0.0108	0.0134	0.0044	0.0197	0.0061
PLV001	Climicola	2	0.0603	0.0180	0.0070	0.0239	0.0037	0.0091	0.0079	0.0104	0.0100	0.0040	0.0235	0.0064
PLV001	Climicola	3	0.0458	0.0167	0.0053	0.0193	0.0041	0.0089	0.0064	0.0082	0.0096	0.0036	0.0208	0.0049
PLV001	Climicola	4	0.0392	0.0170	0.0058	0.0223	0.0038	0.0092	0.0072	0.0085	0.0103	0.0038	0.0229	0.0056
PLV001	Climicola	5	0.0349	0.0165	0.0066	0.0234	0.0030	0.0090	0.0073	0.0091	0.0089	0.0037	0.0242	0.0058
PLV001	Climicola	6	0.0302	0.0148	0.0056	0.0201	0.0028	0.0085	0.0064	0.0083	0.0081	0.0034	0.0203	0.0051
PLV001	Climicola	7	0.0277	0.0154	0.0058	0.0223	0.0029	0.0083	0.0067	0.0084	0.0083	0.0034	0.0228	0.0056
PLV001	Climicola	8	0.0267	0.0162	0.0058	0.0233	0.0028	0.0086	0.0068	0.0083	0.0081	0.0036	0.0230	0.0059
PLV001	Climicola	9	0.0249	0.0141	0.0051	0.0188	0.0030	0.0079	0.0061	0.0068	0.0077	0.0029	0.0189	0.0048
PLV001	Climicola	10	0.0245	0.0147	0.0057	0.0210	0.0027	0.0079	0.0063	0.0075	0.0073	0.0033	0.0213	0.0053
PLV001	Climicola	11	0.0253	0.0144	0.0055	0.0219	0.0033	0.0082	0.0064	0.0072	0.0083	0.0033	0.0217	0.0055
PLV001	Climicola	12	0.0229	0.0130	0.0044	0.0175	0.0021	0.0072	0.0052	0.0061	0.0065	0.0027	0.0173	0.0045
PLV001	Climicola	13	0.0228	0.0131	0.0050	0.0198	0.0026	0.0072	0.0058	0.0064	0.0069	0.0030	0.0198	0.0048
PLV001	Climicola	14	0.0228	0.0135	0.0048	0.0201	0.0025	0.0077	0.0060	0.0064	0.0068	0.0031	0.0194	0.0052
PLV001	Climicola	15	0.0202	0.0118	0.0041	0.0160	0.0019	0.0067	0.0049	0.0056	0.0058	0.0026	0.0161	0.0042
PLV001	Climicola	16	0.0208	0.0126	0.0046	0.0179	0.0021	0.0071	0.0050	0.0060	0.0061	0.0027	0.0181	0.0043
PLV001	Climicola	17	0.0200	0.0127	0.0043	0.0184	0.0020	0.0069	0.0051	0.0059	0.0059	0.0027	0.0182	0.0044
PLV001	Climicola	18	0.0179	0.0112	0.0035	0.0147	0.0017	0.0065	0.0046	0.0051	0.0053	0.0025	0.0146	0.0036
PLV001	Climicola	19	0.0178	0.0121	0.0042	0.0162	0.0019	0.0066	0.0046	0.0056	0.0057	0.0025	0.0165	0.0042
PLV001	Climicola	20	0.0191	0.0140	0.0048	0.0195	0.0023	0.0074	0.0054	0.0061	0.0060	0.0028	0.0195	0.0047
PLV001	Climicola	21	0.0177	0.0133	0.0041	0.0162	0.0020	0.0068	0.0047	0.0057	0.0056	0.0025	0.0165	0.0039
PLV001	Climicola	22	0.0184	0.0154	0.0048	0.0197	0.0022	0.0073	0.0057	0.0062	0.0063	0.0029	0.0193	0.0050
PLV001	Climicola	23	0.0191	0.0165	0.0053	0.0206	0.0024	0.0079	0.0061	0.0066	0.0064	0.0029	0.0206	0.0050
PLV001	Climicola	24	0.0177	0.0163	0.0043	0.0176	0.0020	0.0074	0.0053	0.0057	0.0060	0.0028	0.0173	0.0044
RIG001	Flexilinea	0	0.2099	0.0064	0.0025	0.0042	0.0022	0.0026	0.0008	0.0047	0.0068	0.0038	0.0043	0.0010
RIG001	Flexilinea	1	0.1365	0.0052	0.0015	0.0052	0.0024	0.0040	0.0011	0.0031	0.0054	0.0050	0.0034	0.0012
RIG001	Flexilinea	2	0.0870	0.0045	0.0024	0.0043	0.0012	0.0041	0.0010	0.0029	0.0029	0.0033	0.0043	0.0013
RIG001	Flexilinea	3	0.0708	0.0046	0.0013	0.0037	0.0019	0.0042	0.0008	0.0018	0.0047	0.0033	0.0036	0.0010
RIG001	Flexilinea	4	0.0599	0.0046	0.0013	0.0041	0.0015	0.0041	0.0007	0.0018	0.0043	0.0033	0.0038	0.0009
RIG001	Flexilinea	5	0.0519	0.0049	0.0015	0.0041	0.0009	0.0044	0.0006	0.0026	0.0035	0.0034	0.0041	0.0009
RIG001	Flexilinea	6	0.0454	0.0061	0.0014	0.0037	0.0008	0.0040	0.0005	0.0029	0.0033	0.0034	0.0035	0.0008
RIG001	Flexilinea	7	0.0409	0.0075	0.0012	0.0045	0.0007	0.0038	0.0006	0.0023	0.0029	0.0033	0.0038	0.0010
RIG001	Flexilinea	8	0.0371	0.0081	0.0011	0.0040	0.0007	0.0043	0.0006	0.0022	0.0028	0.0035	0.0039	0.0008
RIG001	Flexilinea	9	0.0349	0.0081	0.0010	0.0037	0.0011	0.0039	0.0006	0.0020	0.0030	0.0034	0.0033	0.0007
RIG001	Flexilinea	10	0.0327	0.0085	0.0014	0.0040	0.0007	0.0040	0.0005	0.0021	0.0027	0.0033	0.0041	0.0009
RIG001	Flexilinea	11	0.0321	0.0083	0.0009	0.0040	0.0013	0.0039	0.0004	0.0015	0.0039	0.0033	0.0034	0.0008
RIG001	Flexilinea	12	0.0300	0.0081	0.0010	0.0032	0.0006	0.0038	0.0004	0.0015	0.0024	0.0028	0.0032	0.0007
RIG001	Flexilinea	13	0.0285	0.0084	0.0010	0.0039	0.0008	0.0037	0.0005	0.0016	0.0030	0.0029	0.0038	0.0008
RIG001	Flexilinea	14	0.0283	0.0082	0.0009	0.0037	0.0006	0.0036	0.0006	0.0014	0.0026	0.0030	0.0033	0.0008
RIG001	Flexilinea	15	0.0258	0.0080	0.0009	0.0033	0.0006	0.0038	0.0004	0.0015	0.0023	0.0031	0.0029	0.0006
RIG001	Flexilinea	16	0.0250	0.0083	0.0009	0.0038	0.0005	0.0037	0.0004	0.0013	0.0023	0.0028	0.0034	0.0007
RIG001	Flexilinea	17	0.0241	0.0078	0.0009	0.0034	0.0005	0.0038	0.0004	0.0012	0.0021	0.0029	0.0033	0.0006
RIG001	Flexilinea	18	0.0219	0.0084	0.0008	0.0031	0.0005	0.0036	0.0004	0.0012	0.0021	0.0029	0.0029	0.0006
RIG001	Flexilinea	19	0.0210	0.0087	0.0010	0.0035	0.0005	0.0037	0.0004	0.0013	0.0022	0.0027	0.0034	0.0006
RIG001	Flexilinea	20	0.0208	0.0106	0.0009	0.0036	0.0005	0.0036	0.0005	0.0012	0.0022	0.0028	0.0037	0.0007
RIG001	Flexilinea	21	0.0198	0.0120	0.0009	0.0030	0.0006	0.0036	0.0005	0.0013	0.0020	0.0028	0.0030	0.0006
RIG001	Flexilinea	22	0.0204	0.0143	0.0009	0.0037	0.0005	0.0038	0.0006	0.0014	0.0022	0.0029	0.0038	0.0007
RIG001	Flexilinea	23	0.0200	0.0156	0.0009	0.0038	0.0006	0.0039	0.0006	0.0013	0.0022	0.0029	0.0035	0.0007
RIG001	Flexilinea	24	0.0187	0.0177	0.0010	0.0035	0.0006	0.0042	0.0006	0.0013	0.0023	0.0029	0.0032	0.0007
RIG001	Climicola	0	0.1887	0.0021	0.0013	0.0017	0.0011	0.0015	0.0003	0.0065	0.0077	0.0035	0.0020	0.0004
RIG001	Climicola	1	0.1029	0.0016	0.0006	0.0016	0.0012	0.0032	0.0005	0.0036	0.0050	0.0044	0.0010	0.0006
RIG001	Climicola	2	0.0564	0.0012	0.0013	0.0014	0.0005	0.0037	0.0004	0.0030	0.0028	0.0028	0.0015	0.0005
RIG001	Climicola	3	0.0448	0.0011	0.0006	0.0012	0.0012	0.0036	0.0003	0.0016	0.0039	0.0030	0.0009	0.0004
RIG001	Climicola	4	0.0372	0.0010	0.0006	0.0014	0.0009	0.0040	0.0002	0.0021	0.0042	0.0031	0.0009	0.0003
RIG001	Climicola	5	0.0312	0.0013	0.0008	0.0013	0.0005	0.0041	0.0003	0.0036	0.0034	0.0031	0.0011	0.0003
RIG001	Climicola	6	0.0279	0.0018	0.0008	0.0011	0.0005	0.0038	0.0002	0.0043	0.0036	0.0031	0.0010	0.0002
RIG001	Climicola	7	0.0239	0.0022	0.0006	0.0015	0.0004	0.0036	0.0004	0.0035	0.0031	0.0029	0.0008	0.0004
RIG001	Climicola	8	0.0220	0.0030	0.0006	0.0010	0.0003	0.0040	0.0002	0.0031	0.0028	0.0033	0.0008	0.0003
RIG001	Climicola	9	0.0204	0.0030	0.0005	0.0011	0.0007	0.0037	0.0003	0.0025	0.0031	0.0031	0.0007	0.0002
RIG001	Climicola	10	0.0185	0.0030	0.0007	0.0009	0.0003	0.0038	0.0003	0.0026	0.0025	0.0030	0.0010	0.0002
RIG001	Climicola	11	0.0179	0.0029	0.0004	0.0009	0.0009	0.0039	0.0002	0.0019	0.0037	0.0030	0.0007	0.0002
RIG001	Climicola	12	0.0162	0.0028	0.0005	0.0008	0.0003	0.0036	0.0002	0.0019	0.0025	0.0027	0.0007	0.0002
RIG001	Climicola	13	0.0151	0.0028	0.0004	0.0009	0.0004	0.0037	0.0003	0.0017	0.0028	0.0029	0.0007	0.0003
RIG001	Climicola	14	0.0143	0.0029	0.0004	0.0008	0.0003	0.0039	0.0002	0.0015	0.0024	0.0029	0.0006	0.0002
RIG001	Climicola	15	0.0131	0.0028	0.0004	0.0008	0.0003	0.0039	0.0002	0.0015	0.0024	0.0030	0.0005	0.0002
RIG001	Climicola	16	0.0123	0.0028	0.0004	0.0007	0.0003	0.0037	0.0002	0.0014	0.0021	0.0028	0.0005	0.0002
RIG001	Climicola	17	0.0112	0.0027	0.0004	0.0007	0.0003	0.0035	0.0002	0.0014	0.0021	0.0027	0.0007	0.0002
RIG001	Climicola	18	0.0101	0.0031	0.0004	0.0006	0.0002	0.0035	0.0002	0.0013	0.0020	0.0026	0.0006	0.0002
RIG001	Climicola	19	0.0097	0.0037	0.0005	0.0007	0.0003	0.0036	0.0003	0.0013	0.0020	0.0027	0.0005	0.0003
RIG001	Climicola	20	0.0092	0.0048	0.0004	0.0007	0.0003	0.0036	0.0003	0.0013	0.0020	0.0030	0.0007	0.0002
RIG001	Climicola	21	0.0089	0.0057	0.0004	0.0007	0.0003	0.0037	0.0004	0.0012	0.0019	0.0027	0.0006	0.0002
RIG001	Climicola	22	0.0088	0.0077	0.0004	0.0008	0.0003	0.0038	0.0005	0.0013	0.0021	0.0027	0.0007	0.0002
RIG001	Climicola	23	0.0080	0.0092	0.0004	0.0008	0.0003	0.0039	0.0007	0.0012	0.0020	0.0028	0.0007	0.0002
RIG001	Climicola	24	0.0075	0.0110	0.0005	0.0008	0.0003	0.0042	0.0007	0.0013	0.0023	0.0030	0.0007	0.0003
GOY005	Flexilinea	0	0.1029	0.0307	0.0028	0.0047	0.0022	0.0025	0.0012	0.0056	0.0084	0.0020	0.0040	0.0016
GOY005	Flexilinea	1	0.0617	0.0150	0.0020	0.0052	0.0022	0.0047	0.0017	0.0043	0.0060	0.0022	0.0055	0.0012
GOY005	Flexilinea	2	0.0422	0.0130	0.0016	0.0049	0.0013	0.0048	0.0019	0.0035	0.0045	0.0014	0.0054	0.0017
GOY005	Flexilinea	3	0.0375	0.0134	0.0009	0.0040	0.0012	0.0054	0.0015	0.0016	0.0056	0.0018	0.0046	0.0006
GOY005	Flexilinea	4	0.0321	0.0109	0.0013	0.0048	0.0009	0.0040	0.0017	0.0027	0.0061	0.0008	0.0048	0.0006
GOY005	Flexilinea	5	0.0267	0.0093	0.0018	0.0053	0.0008	0.0053	0.0015	0.0034	0.0050	0.0018	0.0043	0.0010
GOY005	Flexilinea	6	0.0228	0.0082	0.0014	0.0047	0.0007	0.0042	0.0018	0.0033	0.0039	0.0013	0.0048	0.0011
GOY005	Flexilinea	7	0.0218	0.0107	0.0013	0.0048	0.0004	0.0037	0.0018	0.0034	0.0035	0.0012	0.0049	0.0013
GOY005	Flexilinea	8	0.0204	0.0107	0.0013	0.0042	0.0006	0.0045	0.0020	0.0029	0.0039	0.0011	0.0042	0.0011
GOY005	Flexilinea	9	0.0176	0.0098	0.0014	0.0052	0.0008	0.0048	0.0017	0.0022	0.0033	0.0009	0.0043	0.0006
GOY005	Flexilinea	10	0.0174	0.0075	0.0018	0.0052	0.0001	0.0049	0.0016	0.0018	0.0036	0.0014	0.0049	0.0008
GOY005	Flexilinea	11	0.0164	0.0077	0.0008	0.0056	0.0012	0.0048	0.0026	0.0018	0.0051	0.0008	0.0039	0.0008
GOY005	Flexilinea	12	0.0136	0.0085	0.0010	0.0042	0.0005	0.0041	0.0009	0.0022	0.0032	0.0011	0.0037	0.0008
GOY005	Flexilinea	13	0.0130	0.0090	0.0008	0.0045	0.0008	0.0039	0.0014	0.0013	0.0035	0.0011	0.0035	0.0008
GOY005	Flexilinea	14	0.0116	0.0068	0.0007	0.0047	0.0011	0.0042	0.0012	0.0015	0.0030	0.0015	0.0036	0.0005
GOY005	Flexilinea	15	0.0115	0.0078	0.0010	0.0043	0.0002	0.0035	0.0009	0.0014	0.0034	0.0010	0.0042	0.0008
GOY005	Flexilinea	16	0.0134	0.0069	0.0007	0.0040	0.0002	0.0033	0.0016	0.0012	0.0034	0.0005	0.0040	0.0009
GOY005	Flexilinea	17	0.0101	0.0070	0.0012	0.0050	0.0006	0.0035	0.0012	0.0011	0.0032	0.0007	0.0046	0.0007
GOY005	Flexilinea	18	0.0110	0.0063	0.0008	0.0041	0.0007	0.0043	0.0009	0.0016	0.0028	0.0006	0.0035	0.0004
GOY005	Flexilinea	19	0.0091	0.0072	0.0009	0.0045	0.0004	0.0034	0.0010	0.0012	0.0033	0.0007	0.0038	0.0012
GOY005	Flexilinea	20	0.0101	0.0082	0.0006	0.0036	0.0005	0.0041	0.0006	0.0015	0.0037	0.0005	0.0047	0.0007
GOY005	Flexilinea	21	0.0113	0.0084	0.0006	0.0035	0.0003	0.0045	0.0014	0.0011	0.0028	0.0007	0.0040	0.0007
GOY005	Flexilinea	22	0.0106	0.0098	0.0009	0.0054	0.0008	0.0045	0.0010	0.0014	0.0034	0.0006	0.0049	0.0008
GOY005	Flexilinea	23	0.0098	0.0099	0.0014	0.0051	0.0007	0.0044	0.0018	0.0016	0.0029	0.0008	0.0040	0.0009
GOY005	Flexilinea	24	0.0099	0.0111	0.0012	0.0039	0.0007	0.0046	0.0014	0.0014	0.0039	0.0014	0.0041	0.0010
GOY005	Climicola	0	0.1565	0.0506	0.0020	0.0044	0.0024	0.0031	0.0018	0.0070	0.0083	0.0018	0.0045	0.0008
GOY005	Climicola	1	0.1062	0.0335	0.0013	0.0041	0.0017	0.0036	0.0029	0.0055	0.0050	0.0019	0.0034	0.0014
GOY005	Climicola	2	0.0726	0.0263	0.0010	0.0046	0.0016	0.0059	0.0027	0.0044	0.0041	0.0018	0.0056	0.0012
GOY005	Climicola	3	0.0658	0.0204	0.0017	0.0045	0.0009	0.0051	0.0020	0.0030	0.0044	0.0015	0.0039	0.0006
GOY005	Climicola	4	0.0574	0.0227	0.0011	0.0040	0.0010	0.0055	0.0022	0.0027	0.0050	0.0006	0.0040	0.0010
GOY005	Climicola	5	0.0520	0.0187	0.0009	0.0059	0.0010	0.0042	0.0024	0.0037	0.0041	0.0008	0.0047	0.0004
GOY005	Climicola	6	0.0418	0.0178	0.0012	0.0045	0.0007	0.0034	0.0021	0.0039	0.0043	0.0011	0.0043	0.0005
GOY005	Climicola	7	0.0358	0.0167	0.0010	0.0046	0.0004	0.0043	0.0028	0.0040	0.0043	0.0009	0.0040	0.0008
GOY005	Climicola	8	0.0333	0.0153	0.0007	0.0042	0.0004	0.0036	0.0025	0.0032	0.0028	0.0015	0.0050	0.0008
GOY005	Climicola	9	0.0281	0.0160	0.0007	0.0049	0.0008	0.0049	0.0027	0.0042	0.0034	0.0012	0.0040	0.0007
GOY005	Climicola	10	0.0258	0.0130	0.0017	0.0051	0.0002	0.0037	0.0030	0.0028	0.0038	0.0012	0.0053	0.0006
GOY005	Climicola	11	0.0222	0.0128	0.0005	0.0029	0.0003	0.0038	0.0024	0.0023	0.0036	0.0011	0.0030	0.0007
GOY005	Climicola	12	0.0183	0.0129	0.0007	0.0030	0.0002	0.0033	0.0022	0.0025	0.0039	0.0008	0.0039	0.0008
GOY005	Climicola	13	0.0189	0.0115	0.0006	0.0044	0.0005	0.0045	0.0013	0.0024	0.0031	0.0003	0.0033	0.0008
GOY005	Climicola	14	0.0183	0.0104	0.0008	0.0043	0.0001	0.0033	0.0018	0.0021	0.0030	0.0005	0.0042	0.0001
GOY005	Climicola	15	0.0151	0.0108	0.0006	0.0034	0.0003	0.0036	0.0015	0.0022	0.0029	0.0008	0.0038	0.0003
GOY005	Climicola	16	0.0132	0.0101	0.0003	0.0047	0.0005	0.0029	0.0014	0.0018	0.0030	0.0003	0.0039	0.0007
GOY005	Climicola	17	0.0125	0.0095	0.0004	0.0044	0.0003	0.0028	0.0018	0.0022	0.0032	0.0011	0.0027	0.0004
GOY005	Climicola	18	0.0131	0.0086	0.0003	0.0036	0.0006	0.0026	0.0010	0.0018	0.0019	0.0004	0.0034	0.0003
GOY005	Climicola	19	0.0118	0.0079	0.0009	0.0019	0.0002	0.0033	0.0018	0.0018	0.0032	0.0008	0.0026	0.0003
GOY005	Climicola	20	0.0121	0.0111	0.0002	0.0036	0.0003	0.0034	0.0017	0.0020	0.0031	0.0003	0.0037	0.0011
GOY005	Climicola	21	0.0128	0.0108	0.0007	0.0027	0.0003	0.0039	0.0024	0.0024	0.0035	0.0007	0.0041	0.0008
GOY005	Climicola	22	0.0141	0.0136	0.0014	0.0047	0.0006	0.0052	0.0027	0.0023	0.0032	0.0010	0.0052	0.0004
GOY005	Climicola	23	0.0137	0.0180	0.0006	0.0042	0.0005	0.0031	0.0018	0.0038	0.0036	0.0007	0.0044	0.0004
GOY005	Climicola	24	0.0149	0.0195	0.0010	0.0038	0.0007	0.0044	0.0035	0.0020	0.0033	0.0009	0.0040	0.0010
