sample	AC	AG	AT	CA	CG	CT	GA	GC	GT	TA	TC	TG
BAN001	221.0	520.0	124.0	65.0	94.0	245	219.0	85.0	63.0	129.0	464	204.0
BSQ001	882.0	3145.0	455.0	448.0	445.0	2187	2161.0	402.0	383.0	472.0	3178	814.0
DLV001	0.0	3.0	0.0	1.0	2.0	1	1.0	1.0	0.0	0.0	2	1.0
DLV002	0.0	0.0	0.0	0.0	0.0	1	0.0	0.0	0.0	0.0	1	0.0
ECO002	737.0	3885.0	298.0	410.0	568.0	2188	2187.0	616.0	420.0	304.0	3780	705.0
ECO004	1200.0	3897.0	415.0	611.0	1463.0	2306	2386.0	1420.0	619.0	352.0	3820	1289.0
ECO006	7.0	39.0	4.0	1.0	1.0	9	7.0	3.0	2.0	2.0	35	6.0
ECO010	219.0	2114.0	120.0	109.0	87.0	927	896.0	79.0	104.0	105.0	2160	197.0
EMN001	7254.0	32415.0	2791.0	3683.0	4708.0	17830	18001.0	4720.0	3625.0	2828.0	32168	7017.0
ESA003	380.0	3427.0	108.0	152.0	198.0	1085	1169.0	234.0	185.0	116.0	3271	384.0
ESA004	80.0	1491.0	18.0	48.0	72.0	350	390.0	65.0	38.0	25.0	1472	81.0
ESA006	495.0	5906.0	96.0	217.0	361.0	1476	1454.0	364.0	228.0	97.0	5911	473.0
ESA007	342.0	3685.0	107.0	191.0	295.0	1655	1666.0	318.0	184.0	106.0	3590	351.0
ESA008	416.0	3753.0	95.0	196.0	221.0	1080	1102.0	192.0	157.0	110.0	3742	419.0
FUM001	87.0	221.0	12.0	55.0	42.0	207	216.0	31.0	45.0	5.0	235	106.0
FUM002	1497.0	7313.0	364.0	578.0	835.0	3640	3621.0	820.0	581.0	297.0	7388	1413.0
FUM003	400.0	668.0	42.0	79.0	88.0	347	359.0	95.0	86.0	44.0	735	353.0
GOY005	4247.0	21379.0	2021.0	2537.0	2739.0	13444	13283.0	2848.0	2349.0	2079.0	21266	3974.0
GOY006	270.0	2266.0	120.0	162.0	216.0	1026	941.0	212.0	179.0	109.0	2277	247.0
GUE001	171.0	4175.0	25.0	122.0	64.0	1054	985.0	74.0	109.0	28.0	4181	175.0
LIS001	896.0	5770.0	151.0	286.0	449.0	1963	1894.0	403.0	294.0	141.0	5574	894.0
LIS002	275.0	2082.0	63.0	115.0	176.0	672	650.0	179.0	109.0	71.0	2051	250.0
LIS003	155.0	2734.0	49.0	68.0	54.0	504	428.0	70.0	55.0	47.0	2660	148.0
MOA001	434.0	4762.0	106.0	154.0	220.0	1339	1329.0	194.0	176.0	114.0	4655	480.0
OAK001	14.0	60.0	4.0	8.0	10.0	63	59.0	9.0	8.0	8.0	52	6.0
OAK002	1813.0	9455.0	636.0	970.0	1141.0	5229	5317.0	1119.0	887.0	625.0	9301	1726.0
OAK003	672.0	6675.0	157.0	237.0	297.0	1927	2000.0	282.0	263.0	151.0	6737	612.0
OAK004	356.0	2376.0	74.0	165.0	199.0	1143	1089.0	227.0	200.0	92.0	2231	313.0
OAK005	1249.0	7728.0	261.0	627.0	989.0	4049	3921.0	1026.0	644.0	233.0	7621	1240.0
OFN001	4122.0	17482.0	1140.0	1808.0	2522.0	9219	9089.0	2466.0	1772.0	1140.0	16944	4048.0
PES001	4691.0	20394.0	2222.0	2771.0	3633.0	12009	12234.0	3655.0	2695.0	2115.0	20341	4636.0
PLV001	5563.0	20451.0	2087.0	2503.0	2944.0	11939	12167.0	2985.0	2556.0	2044.0	20328	5515.0
PYK001	383.0	2890.0	89.0	166.0	358.0	876	898.0	407.0	162.0	95.0	2866	396.0
PYK002	565.0	4679.0	122.0	247.0	333.0	1724	1658.0	324.0	253.0	128.0	4468	574.0
PYK003	388.0	7539.0	71.0	150.0	330.0	1193	1115.0	296.0	144.0	78.0	7328	388.0
PYK004	719.0	9150.0	179.0	393.0	736.0	3064	3021.0	786.0	433.0	231.0	9011	751.0
PYK005	829.0	7057.0	317.0	505.0	767.0	2239	2204.0	724.0	489.0	308.0	7130	807.0
RIG001	3160.0	14444.0	1011.0	1574.0	2289.0	8841	8463.0	2228.0	1540.0	948.0	14072	3051.0
SPM001	1.0	0.0	0.0	0.0	0.0	1	0.0	0.0	2.0	0.0	1	0.0
SPM002	90.0	333.0	39.0	48.0	62.0	284	304.0	57.0	74.0	30.0	337	123.0
TAF008	718.0	3869.0	159.0	402.0	515.0	2305	2303.0	517.0	366.0	156.0	3746	647.0
TAF016	0.0	6.0	0.0	3.0	6.0	6	5.0	2.0	3.0	1.0	7	2.0
TAF017	10.0	308.0	4.0	4.0	6.0	83	78.0	3.0	4.0	3.0	342	9.0
TAF018	411.0	5803.0	155.0	370.0	567.0	2471	2389.0	604.0	358.0	152.0	5717	430.0
VLD001	458.0	2154.0	53.0	88.0	106.0	890	899.0	114.0	135.0	37.0	2324	456.0
ZAF001	106.0	202.0	27.0	53.0	40.0	151	158.0	29.0	35.0	32.0	225	99.0
